{
    "RPT": {
        "ScanTime": "0.07 sec.",
        "ScanFile": "20210301_d8b9d8b1d8a7d982d98ad986d8aa_f5bde4ffccbed8453962_20210301201615_scan.json",
        "Warnings": 1,
        "Success": 5
    },
    "SRV": {
        "PHP": {
            "websrv": true,
            "openbase": false,
            "maxtime": false,
            "mysqli": true,
            "version": true,
            "ALL": "Warn"
        },
        "WP": {
            "version": true,
            "core": true,
            "ismu": false,
            "ALL": "Good"
        }
    },
    "ARC": {
        "Size": "0B",
        "DirCount": "0",
        "FileCount": "0",
        "FullCount": "0",
        "WarnFileCount": 0,
        "WarnDirCount": 0,
        "UnreadableDirCount": 0,
        "UnreadableFileCount": 0,
        "FilterDirsAll": [
            "\/home\/vol15_1\/epizy.com\/epiz_26643030\/iraqi1.net\/htdocs\/.opcache",
            "\/home\/vol15_1\/epizy.com\/epiz_26643030\/iraqi1.net\/htdocs\/wp-content\/ai1wm-backups",
            "\/home\/vol15_1\/epizy.com\/epiz_26643030\/iraqi1.net\/htdocs\/wp-content\/backups-dup-lite",
            "\/home\/vol15_1\/epizy.com\/epiz_26643030\/iraqi1.net\/htdocs\/wp-content\/backups-dup-pro",
            "\/home\/vol15_1\/epizy.com\/epiz_26643030\/iraqi1.net\/htdocs\/wp-content\/backupwordpress",
            "\/home\/vol15_1\/epizy.com\/epiz_26643030\/iraqi1.net\/htdocs\/wp-content\/bps-backup",
            "\/home\/vol15_1\/epizy.com\/epiz_26643030\/iraqi1.net\/htdocs\/wp-content\/cache",
            "\/home\/vol15_1\/epizy.com\/epiz_26643030\/iraqi1.net\/htdocs\/wp-content\/content\/cache",
            "\/home\/vol15_1\/epizy.com\/epiz_26643030\/iraqi1.net\/htdocs\/wp-content\/contents\/cache",
            "\/home\/vol15_1\/epizy.com\/epiz_26643030\/iraqi1.net\/htdocs\/wp-content\/infinitewp\/backups",
            "\/home\/vol15_1\/epizy.com\/epiz_26643030\/iraqi1.net\/htdocs\/wp-content\/managewp\/backups",
            "\/home\/vol15_1\/epizy.com\/epiz_26643030\/iraqi1.net\/htdocs\/wp-content\/old-cache",
            "\/home\/vol15_1\/epizy.com\/epiz_26643030\/iraqi1.net\/htdocs\/wp-content\/plugins\/all-in-one-wp-migration\/storage",
            "\/home\/vol15_1\/epizy.com\/epiz_26643030\/iraqi1.net\/htdocs\/wp-content\/updraft",
            "\/home\/vol15_1\/epizy.com\/epiz_26643030\/iraqi1.net\/htdocs\/wp-content\/uploads\/aiowps_backups",
            "\/home\/vol15_1\/epizy.com\/epiz_26643030\/iraqi1.net\/htdocs\/wp-content\/uploads\/backupbuddy_backups",
            "\/home\/vol15_1\/epizy.com\/epiz_26643030\/iraqi1.net\/htdocs\/wp-content\/uploads\/backupbuddy_temp",
            "\/home\/vol15_1\/epizy.com\/epiz_26643030\/iraqi1.net\/htdocs\/wp-content\/uploads\/ithemes-security\/backups",
            "\/home\/vol15_1\/epizy.com\/epiz_26643030\/iraqi1.net\/htdocs\/wp-content\/uploads\/mainwp\/backup",
            "\/home\/vol15_1\/epizy.com\/epiz_26643030\/iraqi1.net\/htdocs\/wp-content\/uploads\/pb_backupbuddy",
            "\/home\/vol15_1\/epizy.com\/epiz_26643030\/iraqi1.net\/htdocs\/wp-content\/uploads\/snapshots",
            "\/home\/vol15_1\/epizy.com\/epiz_26643030\/iraqi1.net\/htdocs\/wp-content\/uploads\/sucuri",
            "\/home\/vol15_1\/epizy.com\/epiz_26643030\/iraqi1.net\/htdocs\/wp-content\/uploads\/wp-clone",
            "\/home\/vol15_1\/epizy.com\/epiz_26643030\/iraqi1.net\/htdocs\/wp-content\/uploads\/wp_all_backup",
            "\/home\/vol15_1\/epizy.com\/epiz_26643030\/iraqi1.net\/htdocs\/wp-content\/uploads\/wpbackitup_backups",
            "\/home\/vol15_1\/epizy.com\/epiz_26643030\/iraqi1.net\/htdocs\/wp-content\/wfcache",
            "\/home\/vol15_1\/epizy.com\/epiz_26643030\/iraqi1.net\/htdocs\/wp-content\/wishlist-backup",
            "\/home\/vol15_1\/epizy.com\/epiz_26643030\/iraqi1.net\/htdocs\/wp-snapshots"
        ],
        "FilterFilesAll": [
            "error_log",
            "error.log",
            "debug_log",
            "ws_ftp.log",
            "dbcache",
            "pgcache",
            "objectcache",
            ".DS_Store",
            "\/home\/vol15_1\/epizy.com\/epiz_26643030\/iraqi1.net\/htdocs\/.htaccess",
            "\/home\/vol15_1\/epizy.com\/epiz_26643030\/iraqi1.net\/htdocs\/web.config",
            "\/home\/vol15_1\/epizy.com\/epiz_26643030\/iraqi1.net\/htdocs\/wp-config.php"
        ],
        "FilterExtsAll": [],
        "FilterInfo": {
            "Dirs": {
                "Warning": [],
                "Unreadable": [],
                "Core": [
                    "\/home\/vol15_1\/epizy.com\/epiz_26643030\/iraqi1.net\/htdocs\/wp-snapshots",
                    "\/home\/vol15_1\/epizy.com\/epiz_26643030\/iraqi1.net\/htdocs\/wp-content\/backups-dup-lite",
                    "\/home\/vol15_1\/epizy.com\/epiz_26643030\/iraqi1.net\/htdocs\/.opcache",
                    "\/home\/vol15_1\/epizy.com\/epiz_26643030\/iraqi1.net\/htdocs\/wp-content\/backups-dup-pro",
                    "\/home\/vol15_1\/epizy.com\/epiz_26643030\/iraqi1.net\/htdocs\/wp-content\/ai1wm-backups",
                    "\/home\/vol15_1\/epizy.com\/epiz_26643030\/iraqi1.net\/htdocs\/wp-content\/backupwordpress",
                    "\/home\/vol15_1\/epizy.com\/epiz_26643030\/iraqi1.net\/htdocs\/wp-content\/content\/cache",
                    "\/home\/vol15_1\/epizy.com\/epiz_26643030\/iraqi1.net\/htdocs\/wp-content\/contents\/cache",
                    "\/home\/vol15_1\/epizy.com\/epiz_26643030\/iraqi1.net\/htdocs\/wp-content\/infinitewp\/backups",
                    "\/home\/vol15_1\/epizy.com\/epiz_26643030\/iraqi1.net\/htdocs\/wp-content\/managewp\/backups",
                    "\/home\/vol15_1\/epizy.com\/epiz_26643030\/iraqi1.net\/htdocs\/wp-content\/old-cache",
                    "\/home\/vol15_1\/epizy.com\/epiz_26643030\/iraqi1.net\/htdocs\/wp-content\/plugins\/all-in-one-wp-migration\/storage",
                    "\/home\/vol15_1\/epizy.com\/epiz_26643030\/iraqi1.net\/htdocs\/wp-content\/updraft",
                    "\/home\/vol15_1\/epizy.com\/epiz_26643030\/iraqi1.net\/htdocs\/wp-content\/wishlist-backup",
                    "\/home\/vol15_1\/epizy.com\/epiz_26643030\/iraqi1.net\/htdocs\/wp-content\/wfcache",
                    "\/home\/vol15_1\/epizy.com\/epiz_26643030\/iraqi1.net\/htdocs\/wp-content\/bps-backup",
                    "\/home\/vol15_1\/epizy.com\/epiz_26643030\/iraqi1.net\/htdocs\/wp-content\/cache",
                    "\/home\/vol15_1\/epizy.com\/epiz_26643030\/iraqi1.net\/htdocs\/wp-content\/uploads\/aiowps_backups",
                    "\/home\/vol15_1\/epizy.com\/epiz_26643030\/iraqi1.net\/htdocs\/wp-content\/uploads\/backupbuddy_temp",
                    "\/home\/vol15_1\/epizy.com\/epiz_26643030\/iraqi1.net\/htdocs\/wp-content\/uploads\/backupbuddy_backups",
                    "\/home\/vol15_1\/epizy.com\/epiz_26643030\/iraqi1.net\/htdocs\/wp-content\/uploads\/ithemes-security\/backups",
                    "\/home\/vol15_1\/epizy.com\/epiz_26643030\/iraqi1.net\/htdocs\/wp-content\/uploads\/mainwp\/backup",
                    "\/home\/vol15_1\/epizy.com\/epiz_26643030\/iraqi1.net\/htdocs\/wp-content\/uploads\/pb_backupbuddy",
                    "\/home\/vol15_1\/epizy.com\/epiz_26643030\/iraqi1.net\/htdocs\/wp-content\/uploads\/snapshots",
                    "\/home\/vol15_1\/epizy.com\/epiz_26643030\/iraqi1.net\/htdocs\/wp-content\/uploads\/sucuri",
                    "\/home\/vol15_1\/epizy.com\/epiz_26643030\/iraqi1.net\/htdocs\/wp-content\/uploads\/wp-clone",
                    "\/home\/vol15_1\/epizy.com\/epiz_26643030\/iraqi1.net\/htdocs\/wp-content\/uploads\/wp_all_backup",
                    "\/home\/vol15_1\/epizy.com\/epiz_26643030\/iraqi1.net\/htdocs\/wp-content\/uploads\/wpbackitup_backups"
                ],
                "Global": [],
                "Instance": []
            },
            "Files": {
                "Size": [],
                "Warning": [],
                "Unreadable": [],
                "Core": [],
                "Global": [
                    "error_log",
                    "error.log",
                    "debug_log",
                    "ws_ftp.log",
                    "dbcache",
                    "pgcache",
                    "objectcache",
                    ".DS_Store"
                ],
                "Instance": []
            },
            "Exts": {
                "Core": [],
                "Global": [],
                "Instance": []
            },
            "UDirCount": 0,
            "UFileCount": 0,
            "UExtCount": 0,
            "TreeSize": [],
            "TreeWarning": []
        },
        "RecursiveLinks": [],
        "UnreadableItems": [],
        "Status": {
            "Size": "Good",
            "Names": "Good",
            "UnreadableItems": "Good",
            "MigratePackage": "Good",
            "CanbeMigratePackage": true,
            "showCreateProcStatus": "Good",
            "showCreateProc": true,
            "AddonSites": "Good"
        },
        "Dirs": [],
        "Files": []
    },
    "DB": {
        "Status": {
            "Success": true,
            "DB_Case": "Good",
            "DB_Rows": "Good",
            "DB_Size": "Good",
            "TBL_Case": "Good",
            "TBL_Rows": "Good",
            "TBL_Size": "Good"
        },
        "Size": "2.33MB",
        "Rows": "4,453",
        "TableCount": 19,
        "TableList": {
            "wpp7_bie_redirects": {
                "Case": 0,
                "Rows": "0",
                "Size": "1KB",
                "USize": 1024
            },
            "wpp7_commentmeta": {
                "Case": 0,
                "Rows": "0",
                "Size": "4KB",
                "USize": 4096
            },
            "wpp7_comments": {
                "Case": 0,
                "Rows": "0",
                "Size": "7.33KB",
                "USize": 7504
            },
            "wpp7_duplicator_packages": {
                "Case": 0,
                "Rows": "0",
                "Size": "26.91KB",
                "USize": 27556
            },
            "wpp7_links": {
                "Case": 0,
                "Rows": "0",
                "Size": "1KB",
                "USize": 1024
            },
            "wpp7_options": {
                "Case": 0,
                "Rows": "315",
                "Size": "864.33KB",
                "USize": 885076
            },
            "wpp7_postmeta": {
                "Case": 0,
                "Rows": "624",
                "Size": "127.11KB",
                "USize": 130160
            },
            "wpp7_posts": {
                "Case": 0,
                "Rows": "148",
                "Size": "900.06KB",
                "USize": 921660
            },
            "wpp7_term_relationships": {
                "Case": 0,
                "Rows": "46",
                "Size": "3.96KB",
                "USize": 4059
            },
            "wpp7_term_taxonomy": {
                "Case": 0,
                "Rows": "10",
                "Size": "4.41KB",
                "USize": 4512
            },
            "wpp7_termmeta": {
                "Case": 0,
                "Rows": "0",
                "Size": "4KB",
                "USize": 4096
            },
            "wpp7_terms": {
                "Case": 0,
                "Rows": "10",
                "Size": "13.57KB",
                "USize": 13892
            },
            "wpp7_usermeta": {
                "Case": 0,
                "Rows": "24",
                "Size": "25.41KB",
                "USize": 26020
            },
            "wpp7_users": {
                "Case": 0,
                "Rows": "1",
                "Size": "7.11KB",
                "USize": 7284
            },
            "wpp7_yoast_indexable": {
                "Case": 0,
                "Rows": "117",
                "Size": "69.22KB",
                "USize": 70884
            },
            "wpp7_yoast_indexable_hierarchy": {
                "Case": 0,
                "Rows": "50",
                "Size": "6.03KB",
                "USize": 6170
            },
            "wpp7_yoast_migrations": {
                "Case": 0,
                "Rows": "21",
                "Size": "9.49KB",
                "USize": 9720
            },
            "wpp7_yoast_primary_term": {
                "Case": 0,
                "Rows": "18",
                "Size": "4.91KB",
                "USize": 5032
            },
            "wpp7_yoast_seo_links": {
                "Case": 0,
                "Rows": "3,069",
                "Size": "302.01KB",
                "USize": 309260
            }
        },
        "RawSize": 2439029
    },
    "LL": {
        "TotalSize": "2.33MB",
        "Status": {
            "TotalSize": "Good"
        }
    }
}